m_id,date,description
M1652,4/7/4017,coat
M0998,7/9/8847,pencil box
M0999,11/3/6713,pants
M1000,7/21/7468,LV
M0968,12/9/0430,belt
M0969,2/22/5196,glasses
M0970,4/10/0330,buzz light year
M0971,9/21/2145,laptop
M0972,10/2/0990,nootbook
M1009,10/12/4444,coffee machine
M1010,4/14/0741,Apple
M1011,4/17/4093,book
M1991,8/13/0758,woody
M1992,11/24/6396,Chanel
M1993,6/22/7667,DVD
M1994,11/4/8038,Prada
M1692,6/23/0143,toys
M1693,4/19/6553,perfume
M1694,4/16/9504,bluetooth ear phone
M1695,5/7/0411,eyelash
