s_id,name,train_id,item_name,item_price
M0001,Barry Trent,54890,Lacoste+D2:E941 Polo size 8,15
M0002,Ilona Hill,1212123,Milk Drops for (2 on hold),14
M0003,Liam Stevenson,205854,New (1) True Red enduring lip liner (LL),10
M0004,Harvey Bishop,690047,Vans Shoes Mens 9 or W 10.5,21
M0005,Nathan Reid,1389629,Beauty Blenders,7
M0006,Emmanuelle Shields,579357,PINK blue water bottle,13
M0007,Martin Flanders,1476577,NEW: VS Pink Towel,28
M0008,Manuel Preston,866708,free ship {guess} sexy ruched dress,12
M0009,Manuel Kelly,884932,Liz Lange Maternity Dress,10
M0010,Dorothy Maxwell,1381977,Xbox S Controller (D Diggler),10
M0011,Bethany Pratt,490222,Men's short sleeve sport wear shirt,11
M0012,Agnes Stone ,1372945,NIKE LEGGINGS SIZE SMALL,15
M0013,Matthew Bright,55596,Milani conceal and perfect foundation,11
M0014,Alexia Dann,1300533,Goyard iPhone 6s Plus Case bundle,25
M0015,Cecilia Mccormick,406317,Kendra Scott Arden Bracelet,35
M0016,Julian Lomax,1326883,OvO Owl Strapback,20
M0017,Molly Pearson,429530,Little People Market/Mercado,26
M0018,Tyson Grady,674807,5 PAMPERS BABY WIPES,17
M0019,David Stevenson,184050,Kendra Scott Berniece Burgundy Illusion,86
M0020,Denny Dubois,621812,Poetry medium denim colored dress,14
M0021,Percy Denton,761657,"Lularoe XS sweater irma, OS camo bflys",60
M0022,Anthony Gonzales,398476,Mac eye shadow palette warm neutral,50
M0023,Bryon Reid,654002,NWT Loft Vintage V-Neck Tee - L,16
M0024,Kirsten Bright,1051250,Chocker rhinestones necklace silver,14
M0025,Daniel Hastings,1432888,RD BSO and spoon rest,13
M0026,Vera Evans,1097742,Embroidered Beaded Crop,14
M0027,Shelby Brett,297286,Vs tote,20
M0028,Ivy Rogers,1066477,Bundle of Workout Gear - Size M,34
M0029,Jacqueline Reid,1453068,ONLY star wars lego set,25
M0030,Chad Bingham,726020,BNWT OS Lularoe BLACK leggings,35
M0031,Benny Wood,918101,Reserved!,139
M0032,Jessica Dubois,549879,H&M Extended Scoop Tee,13
M0033,Chester Armstrong,682539,Long Wavy Party Cosplay Wig Dark Brown,24
M0034,Leilani Rivers,789371,Halsey Badlands cassette tape,12
M0035,Marvin Uttley,405531,Thomas and Friends for DVD new,7
M0036,Carmella Bristow,372163,For Saabs_719,40
M0037,Rylee Stanton,1128675,2 Size 34B Bombshell Double Push-up Bras,15
M0038,Tony Farmer,1235809,Patagonia swim suit s/m,13
M0039,Bryce Ralph,513204,Catherine Popesco Bracelet,40
M0040,Renee Pitt,1165661,HOLDING FOR DIANE,25
M0041,Allison Chapman,1149199,Toy Rascal Squishy Halloween,12
M0042,William Sanchez,920205,Elf on Shelf female with tutu and poem,15
M0043,Javier Kidd,1330852,VS Pink Triangle Bralette Large,13
M0044,Tess Shields,85419,Bath and body works bundle,16
M0045,Doug Lucas,352893,Kate Spade hat,26
M0046,Regina Bailey,1464657,Sally Hansen Gel Kit and Polish,20
M0047,Rocco Umney,945901,Genuine Turquoise Necklace,36
M0048,Rebecca Palmer,441457,Wizard Of Oz Red Slippers Doorstop Witch,16
M0049,Hayden Evans,758562,Victorias Secret Pink Anorak rain jacket,39
M0050,Adalie Allcott,561728,Supernatural season 10. New*,12
M0051,Tom Stubbs,1250789,Vanilla Protein and Greens Powder,16
M0052,Tyson Ulyatt,314851,Fancy pig piggy bank,10
M0053,Bryon Carpenter,1269001,Rose Gold MK ladies watch,39
M0054,Aeris Yarwood,1113965,EAT MUG,18
M0055,Sloane Avery,999195,Regal Gift Cards Set of 3 [rm] value,53
M0056,Analise Milner,1028207,4 pairs of 5toes nonslip exercise sock,14
M0057,Eduardo Devonport,921729,ZOMBIE GOTH TEE - HOLD,6
M0058,Mike Rothwell,1385934,Furminator Dog Cat Deshedding Brush Tool,15
M0059,Cedrick Blackwall,814422,Zelda DS games,39
M0060,Rylee Willis,1057886,Plastic bag holder,6
M0061,Cynthia Michael,758712,Lil' Minnie Mouse costume,10
M0062,Mason Moore,911909,Death Note Anime DVD Volume 1,8
M0063,Henry Middleton,543738,45 Pink 10x13 Poly Bag Shipping Mailers,11
M0064,Penny Gosling,1145045,Lipsense PRECIOUS TOPAZ,18
M0065,Carol Woodley,912407,Brand new 4 piece set white,10
M0066,Tom White,114193,2x Universal Steering wheel phone holder,7
M0067,Bart Drake,1101353,*FINAL SALE* Black Muck Boots,65
M0068,Louise Lakey,103125,For @Sunshine Silver 925 Necklace,35
M0069,Bart Hancock,68642,Fur Slip-Ons Bundle,26
M0070,Barry Yarlett,3513,Victoria's Secret bundle,50
M0071,Barney Brooks,616467,Funko Pop Lexa The 100 Figure,7
M0072,Rick Wooldridge,112246,FREE SHIP Urban Decay glitter Moondust,34
M0073,Oliver Faulkner,880443,Gerard Cos Slay All Day Setting Spray,18
M0074,Caleb Harper,33385,Nautical / sea party supplies,9
M0075,Hope Rixon,1213287,???FS sand n sun sheer top???,7
M0076,Noah Glass,17639,i6s Cute Rose Gold mirror case,8
M0077,Julius Saunders,447255,HOLD: SIE // BEAUTIFUL aquamarine ring.,20
M0078,Barry Mason,354022,Hudson Jeans Size 26,26
M0079,Maria Forth,440087,925 silver ring size 8,24
M0080,Sienna Quinton,1249281,NWT Chelsea,27
M0081,Alexander Coates,262226,Fresh skincare samplers,10
M0082,Esmeralda Giles,724744,Handmade boho wrap bracelet or necklace,19
M0083,Jamie Stubbs,243000,Adidas Long Sleeve,24
M0084,Adela Ventura,672688,Dragons YoYo,9
M0085,Maxwell Moore,253146,CRB gator green/ Dottie bundle,54
M0086,Alma Clark,117994,Marilyn Monroe wall photo,14
M0087,Boris Whitehouse,291726,NWT VICTORIA SECRET MAKEUP BAG,12
M0088,Janelle Scott,1141629,Michael Kors cardigan with leather . Med,31
M0089,Carina Rixon,1479501,Le Boy Burgandy Medium BRAND NEW,396
M0090,Alexia Barrett,1203202,Coach Slippers size 8,29
M0091,Sebastian Allington,839325,Victoria's Secret 2 pc set size M NWT!!!,16
M0092,Payton Judd,1338049,Anastasia Master by Mario palette,35
M0093,Carl Campbell,751250,Bronzer and Primer,11
M0094,Angel Selby,1475697,Lps carry case,22
M0095,Noah Penn,523962,Superman Shirt XL 14/16 Child,8
M0096,Oliver Rodwell,304929,Xbox one controller,70
M0097,Davina Tate,167850,Supreme Black iPhone 6 6S Rubber Case,15
M0098,Doug Rogan,1088771,Navy maxi dress,22
M0099,Percy Knight,768213,Disney figural keyring- Scrump,6
M0100,Skylar Duvall,359747,Lululemon Cool Racerback BUNDLE,41
M0101,Julia Andersson,676111,Victoria Secret Pink Shirt,16
M0102,Rocco Nicolas,1370461,Medium Cotton Stem Wreath,30
M0103,Angel Reading,111041,Women's Suit Jacket,12
M0104,Penelope Callan,240242,Kylie lashes & Glue,9
M0105,Rick Turner,679165,Tsum tsum lip smacker,12
M0106,Evelynn Pearce,408764,Thirty one 31 Robot Notebook holder,21
M0107,Daria Ianson,1226038,Guestbook frame,18
M0108,Jacob Norton,1101943,Size 5.5 Thin Sterling Band for Lelia,16
M0109,Sebastian Ellery,158224,New Morphe Pallete 350M,20
M0110,Summer Whittle,1002212,Call of Duty: Black Ops 3,16
M0111,Bart Gregory,1003311,Case knife,8
M0112,Nicholas Bradshaw,845657,Air Jordans,20
M0113,Harvey Exton,2687,Medela Double Ease Breast Pump & Carry,38
M0114,Henry Jenkin,460364,For Mikeala NWOT Lululemon longsleeve 6,37
M0115,Carl Moore,810346,Dr. Reyes 38D shapewear,20
M0116,Mara Rossi,93914,Ariat Heritage Crepe Western Boots 7.5,42
M0117,Denis Swan,716985,Wine Fossil Q Wander Watch,121
M0118,Wade Radcliffe,1152986,Mini Melissa,20
M0119,Michael Purvis,155604,Custom Vera Bradley Bundle,30
M0120,Sydney Allen,44773,Ugg Women's snow boot,85
M0121,Johnny Rainford,1365211,Mermaid Garland 2 SETS!,14
M0122,Peter Johnson,1021529,OS Tribal Disney Minnie leggings,38
M0123,Gwen Moreno,400555,Blue Bandana,7
M0124,Oliver Chappell,27976,Tory Burch Medium Fleming Woven Bag,135
M0125,Nate Stone,14159,Spray and body oil,11
M0126,Dalia Clifford,588027,Free ship black lace choker,3
M0127,David Pitt,1362532,Elephant family necklace,10
M0128,Mona Hooper,135607,Vs pink bodysuit,14
M0129,Angel Weasley,766340,The Original Butter Bell Crock,9
M0130,Aisha Holmes,1063283,Bassnectar Leggings,56
M0131,Angelique Atkinson,72877,"Glass Pipes,Bongs,Bong,Water Pipes,Pipes",15
M0132,Marilyn Tyler,882987,Nintendo Gameboy Advance,21
M0133,Priscilla Bullock,1366358,2 ROXY SWEATSHIRTS S,19
M0134,Carl Wilcox,445,Milani Eyeshadow Pallettes,8
M0135,George Vaughan,649364,Rae Dunn Friendsgiving,24
M0136,Faith Lee,943033,lulu lemon scuba hoodie * stretch,46
M0137,Logan Eaton,420703,Anthropologie Bordeaux Cocoon Cardigan,28
M0138,Ryan Plant,730895,SALE !!! Nike foamposite,200
M0139,Anabelle Hancock,1468134,??????New With TAgs??????S/M,6
M0140,Erick Stewart,298122,Elf on the shelf TuTu,6
M0141,Stella Cadman,637942,FREE SHIP Lime Green Tank,5
M0142,Ronald Hepburn,838349,Louis Vuitton Wallet,130
M0143,Bernadette Adams,287372,Lululemon compression tights,55
M0144,Lynn Nanton,1146031,Artist Couture Diamond Glow Powder,14
M0145,Carmella Cartwright,490802,Men's motorcycle boots,74
M0146,Chuck Lindop,1113710,LuLaRoe 2piece set Cassie Skirt Lindsay,48
M0147,Tom Gray,579651,iPhone lightning dock,19
M0148,Harriet Middleton,848007,Nike SB Janoski (Grey),26
M0149,Gloria Tindall,757240,Sugar pill x Edward Scissorhands Palette,26
M0150,Russel Baxter,730080,Women's Adorable Sweater,12
M0151,Matthew Eaton,812952,MS PENNYS BUNDLE,23
M0152,Samara Umney,101066,Umgee Ribbed Long Tank W/ Lace Bottom,14
M0153,Morgan Neal,169758,Nightmare Before Christmas Dress,15
M0154,Tyler Steer,936241,New York Yankees Women's Top,9
M0155,Leanne Butler,1083943,BTS 2nd MUSTER OFFICIAL JUNGKOOK JIMIN,25
M0156,Daniel Lloyd,237265,NEW PINK Nation pullover sweater,24
M0157,Mavis Wilkinson,272784,"Halloween treat bags, 4 packs, New",6
M0158,Wendy Ashley,1018821,LuLaRoe small black Lindsey,34
M0159,Belinda Trent,685385,Lauren James t shirt :),22
M0160,Hope Graham,57961,Bundle for gorgeous only !,90
M0161,Cynthia Ward,316554,NWT Lularoe girls azure Size 2T,14
M0162,Emely Collingwood,721782,Color Outside the Lines Wall Sign,12
M0163,Matt Bell,1094321,Ty Beanie baby runner,12
M0164,Stephanie Devonport,577438,Under Armour Leggings - free ship,12
M0165,John Andrews,582630,GUINNESS BOOK 2012,7
M0166,Percy Moore,869622,Vs perfect coverage bra 34dd,25
M0167,Eileen Alcroft,948434,Women burberry large,51
M0168,Lillian Stone ,1186609,Coach original black shine handbag,26
M0169,Alma Yarwood,191838,Green Monster Floam,4
M0170,Zoe Windsor,542663,Michael Kors wallet,13
M0171,Mike Cann,259291,Laura Geller Spackle Makeup Face Primer,10
M0172,Savannah Rowlands,1347416,NWOT Old Navy Jean Jacket - M,14
M0173,Rocco Haines,381044,Authentic Retired Pandora Duck Charm,16
M0174,Joseph Myatt,1097595,Realistic Pomeranian dog plush,15
M0175,Kassandra Gibbons,748580,Clarks Brown Wallabees,51
M0176,Tom Robinson,1220430,Lot of 4 New B&BW lotions,18
M0177,Maribel Holmes,1270991,Brand New Citizens Women's Watch,21
M0178,Elle Norton,1253663,Adidas NMD 6.5 NIB,161
M0179,Carl Waterhouse,742364,New York and Company Sweater,9
M0180,Johnathan Vince,777072,40 Rose Polymailers,10
M0181,Gladys Whitmore,529578,Galaxy s6 edge Plus smart view case new,10
M0182,Cassidy Flack,76029,FreeShip Brown Clubmaster Clear Glasses,8
M0183,Nate Yang,372104,Planner!,9
M0184,Boris Pond,1325157,Brown human hair extensions,40
M0185,Julius Hopkins,507451,New white curly hair wig Halloween,15
M0186,Russel Thorpe,407715,Jan25 Bundle of Purse's,211
M0187,Camellia Briggs,755326,Lularoe XS Classic Tee,24
M0188,Doug Phillips,794377,Call of Duty Black Ops 3 (Xbox One),20
M0189,Chester Quinton,177111,6 PC Makeup Brush Set Edition NIB,25
M0190,Adalind Blackwall,266741,Vintage Black Coach,20
M0191,Madelyn Porter,626612,Betsey Johnson butterfly purse,21
M0192,Hazel Harper,507171,Free People Cascade of Ruffles Tunic,46
M0193,David Power,565851,Hollister Jeans,15
M0194,Daron Matthews,1017513,Ego one mega,30
M0195,Emerald Sanchez,1021862,Bakugan Collection Rare,16
M0196,Percy Hood,1002801,Free ship! Large Charlotte Russe shorts!,7
M0197,Elle Cooper,560213,Victoria's Secret 36D bra,26
M0198,Mason Uttridge,61408,Yoshi's Island,10
M0199,William Calderwood,772921,New Cupshe One Piece Size L,12
M0200,Taylor Sherwood,857899,NWT KENDRA SCOTT ANDY,35
M0201,Celina Wilkinson,664011,TC Lularoe Leggings,20
M0202,Maribel Fox,750410,Garnier Whole Blends Bundle,28
M0203,George Hill,1400342,Koko Kollection,25
M0204,Javier Drew,1397847,"iphone 6 case, Iphone 6s case",8
M0205,Liam Larkin,1187259,NWT VS PINK marl gray landyard/ID holder,23
M0206,Blake Hopkins,101858,Jor'el Parker travel perfume,4
M0207,Jenna Truscott,290212,Pink sports bra worn once size large,16
M0208,Tyson Crawford,509819,Panda Bun 4cm,3
M0209,Rufus Terry,454995,Spectrum brush set,56
M0210,Daniel Oakley,420070,Shopkins bath bomb and wonderball,10
M0211,Hank Willis,1159669,Men's Levi jeans,16
M0212,Josephine Phillips,1367352,Patagonia Re-tool Snap T Fleece Pullover,32
M0213,Teagan Pope,380354,Shadowscapes Tarot,16
M0214,Tom Vernon,85772,Washi tape,8
M0215,Makenzie Fulton,1417598,Gap shirt,7
M0216,Chuck Simpson,509719,Water: surf to sand triangle bikini top,38
M0217,Adina Steer,54622,Red jacket/dress,11
M0218,Chadwick Holmes,743616,Shellac UV Polish,19
M0219,Michaela Nanton,1387521,Sports Bra Bundle,22
M0220,Greta Blythe,1316367,Brandy Melville Dress Bundle,15
M0221,Sarah Chapman,1372729,Vintage Coach Willis Purse,46
M0222,Josh Trent,157043,Victoria's Secret VS PINK beach blanket,20
M0223,Tyson Victor,1217633,4 Younique liner lot holding,16
M0224,Johnathan Willis,869085,Sweatsuit Aeropostale Grey,20
M0225,Selena Welsch,1053852,Columbia Fleece & Sandals Bundle,33
M0226,Leroy Bingham,395874,Condenser Studio microphone,20
M0227,Liam Murphy,260513,"Diary of a Wimpy Kid book, nwt",8
M0228,Fiona Locke,1238482,OS NWT Unicorn Balloons LLR Birthday,40
M0229,Nick Woodley,571710,"30 """"CC Custom Labels""""",4
M0230,Leroy Walker,845817,Black and white womens sweater style,9
M0231,Benjamin Moore,588985,Betsey Johnson tote purse set,70
M0232,Gwenyth Hepburn,1429097,FS LED USB Party Light,6
M0233,Nathan Snell,492233,5 unused Full Sized Beauty Products,25
M0234,Darlene Hall,945365,2 reborn kits,51
M0235,Johnathan Stanton,1185699,Pampers diapers,18
M0236,Erica Abbey,566611,Baseball bats grips,24
M0237,Logan Weldon,8669,Long Black Maxi Dress,11
M0238,Valentina Buckley,46793,Rose Gold Pop Solo Microphone from Tzumi,18
M0239,Peter Hill,582998,2 New beauty blenders,15
M0240,Regina Cox,440111,Motorcycle books,51
M0241,Remy Cassidy,992590,Flyknit lunar 3,36
M0242,Carl Redwood,77596,Lularoe,25
M0243,Jasmine Gray,251874,HerStyle Styling Spray,9
M0244,Erick Yang,1139297,TC LuLaRoe,22
M0245,Logan Thomson,993781,Victoria's Secret Bombshell Bra,24
M0246,Ruby Jackson,221574,Adidas Drawstring Backpack,17
M0247,Tyler Morgan,1023105,Lularoe tc tall & curvy leggings FREE SH,15
M0248,Emely Salt,854638,Wii CSI Fatal Conspiracy,8
M0249,Julia Townend,720138,Rae Dunn Bowls,24
M0250,Liam Amstead,387124,Xbox 360 Wireless Controllers,36
M0251,Lynn Alcroft,735091,Men's coveralls,16
M0252,Maribel Jacobs,1040253,NEW H&M TOP!,6
M0253,Andie Roth,6956,Kate Spade Wallet,34
M0254,Aisha Adams,801073,Kick Boxer LEGO Minifigure,5
M0255,Luke Norris,125669,20pcs False Nails & 5 Nail Glues,5
M0256,Robyn Simpson,157018,"""""Kale"""" University style shirt",10
M0257,Kurt Cowan,718119,Oakley Shades,94
M0258,Claire Sylvester,788274,Striped Soft & Sexy AE Shirt,15
M0259,Barney Mcgee,1467469,Lularoe Madison Small NWT,25
M0260,Willow Patel,1185635,Aden & Anais easy swaddle,16
M0261,Harry Edler,1228281,2 NWT VS Pink S Thong Panties Bundle,16
M0262,Rick Wellington,163965,Blanca Necklace,24
M0263,Maya Wilkinson,749452,VS PINK ULTIMATE LEGGINGS SZ MEDIUM,48
M0264,Jamie Overson,301142,NWT gymshark flex leggings,56
M0265,Adelaide Tobin,998910,Beats Pill,115
M0266,Darlene Briggs,1464568,Old Navy Superman Longsleeve Toddler Tee,6
M0267,Alexander Campbell,1128056,NWT Under Armour Gym Tote Bag,23
M0268,Aiden Walter,343689,Lilly Pulitzer Sunshine Charm Bracelet,30
M0269,Ivette Speed,1212731,New I'm nude Jeffree star lipstick,12
M0270,Leanne Janes,582762,New Thousand Wishes Bath&Body Works Set,18
M0271,Gabriel Skinner,1357966,Paper mario the thousand year door,38
M0272,Bob Brown,125932,Blitz,8
M0273,Dorothy Turner,787227,Durabrand Radio Cassette Recorder,16
M0274,Julius Welsch,266597,Pink perfume,8
M0275,Abdul Farrant,1391828,Double Dragon nes,10
M0276,Dalia Rehman,1309555,BUNDLE FOR JEISEL,17
M0277,Victoria Chester,602193,Wiccan bundle,13
M0278,Holly Norris,826664,iPhone 6s,351
M0279,Doug Watson,1215312,1041TP: 3PK Marijuana Leaf Crew Socks,10
M0280,Melania Dunbar,361405,Lexmark printer ON HOLD,21
M0281,Callie Ellwood,726172,Women socks,8
M0282,Kieth Moreno,1063115,M pidgeot ex full-art pokemon card,13
M0283,Aileen Radcliffe,1232490,Cynthia rowley jewelry dish,9
M0284,Megan Quinton,1269251,Elsa play set,7
M0285,Hank Addison,1326624,Spandex Material Stretchy Body Suit,5
M0286,Jayden Steer,952886,NIP Essie Sleek Stick Steel the Show,3
M0287,Priscilla Clark,1282084,UGG authentic slippers women's sz 9 new,71
M0288,Havana Ward,1237711,Toddler Nikes,16
M0289,Jack Olivier,1011438,Powder,20
M0290,Russel Edwards,933888,Huggies Pull ups 3t-4t/4t-5t for Ja,24
M0291,Angelique Noach,905357,Tobi Grey/Lavender dress,22
M0292,Manuel Maxwell,1230371,SS2-3: Black Clear Lens Aviators,8
M0293,Gwenyth Waterson,1161394,Nail Polish bundle!,7
M0294,Mackenzie Brennan,541406,Botkier bag in cream NWT,64
M0295,Mason Nayler,1128391,Jasmine lot,27
M0296,Peyton Hobson,694880,Papaya strapless dress floral,10
M0297,Daniel Clark,286914,Lularoe NWT unicorn floral Maxi Large,61
M0298,Gina Taylor,859078,Beautiful Moss Green Lularoe Joy M NWT,44
M0299,Danny Eaton,1276422,Silk headband inspired,15
M0300,Daniel Douglas,309465,SnapBack dad hat,19
M0301,Barry Aldridge,463749,Minnie Party princess daisy,19
M0302,Christine Brooks,821747,Pajamas,15
M0303,Bryon Downing,454015,(NWT) Despicable Me Minion Hoodie XL,20
M0304,Marvin Uttley,255174,Rebecca minkoff clutch,25
M0305,Rowan Vollans,608223,NWT Boho Mini Dress,14
M0306,Tony Waterson,381917,Light Pink Adidas Climalite Tank Top S,20
M0307,David Robinson,904803,PopSockets - Solid Black back,7
M0308,Livia Ross,197660,2t snow suit girls - zero xposure brand,19
M0309,Vicky Wise,415515,Jordan champion jersey sz 44,26
M0310,Fiona Mccall,1199886,Victoria's Secret PINK Hoodie,48
M0311,Helen Clarke,217395,Cute top size XL,7
M0312,Candice Harris,1266717,Smashbox Always Sharp Eyeliner Set,25
M0313,Benjamin Aldridge,1018982,iPhone 6Plus 6S Plus case cover slim,4
M0314,Aileen Maxwell,1478125,New love ?????? pink lanyard free shipping,7
M0315,Jayden Cartwright,858995,ZARA OFF THE SHOULDER,23
M0316,Eve Sloan,1034169,Women's XL Lingerie Nightgown,12
M0317,Alex Shaw,441202,Medium Shorts Bundle,20
M0318,Angel Keys,259063,Grey Gucci belt,50
M0319,Nathan Pickard,1435624,Nike LeBron basketball shoes,40
M0320,Chester Poole,1458981,BALANCE MENS WALKING SZ 8 WIDE SHOES,20
M0321,Oliver Bryant,346508,Michael Kors Jet Set Travel Tote,89
M0322,Melinda Norburn,826156,Love Screw Gold Bracelet 17cm,35
M0323,Catherine Stevens,917877,LuLaRoe Stars OS,30
M0324,Maribel Pickard,461466,DL1961 coco curvy straight jeans size 26,28
M0325,Hayden Ogilvy,1109850,Refuge jeans,10
M0326,Drew Locke,1111300,Marble LuMee iPhone 6 6s NEW,18
M0327,Domenic Larsen,861878,Led Tennis Shoes/Sneakers Red-Size 7 US,30
M0328,Madison Jones,663325,Aladdin costume size medium,17
M0329,Elijah Bell,792319,Rae Dunn Imagine mug,24
M0330,Mason Robinson,688008,Playstation 4 PS4 Dualshock 4 Controller,28
M0331,Hope Larkin,742800,Apple 42mm black Milanese loop,99
M0332,Hazel Whittle,1286788,Leslie Ann/Bundle,36
M0333,Gabriel Shields,911072,Bundle of Christmas Headbands for Baby,12
M0334,Owen Uttridge,252829,Kylie birthday bundle will not restock,231
M0335,Fred Webster,334304,Nike Pro Dri Fit Half Zip,15
M0336,Chad Randall,638776,Freemie connection kit for Ameda sealed,14
M0337,Benjamin Hancock,842147,Spiderman Figures,6
M0338,Iris Spencer,1301650,Lace front wig,15
M0339,Jacob Mccall,485770,NWT Boys Gymboree 12-18m Sweater Top,16
M0340,Mike Kelly,762418,Shoe Rack Holds 50 Pairs 10 Tiers Sale,25
M0341,Chuck Pond,1321378,Free Ship New VS L (9-10) cozy slippers,16
M0342,Julian Walsh,503081,Perfect Tee,18
M0343,Matthew Thompson,26545,Set of 2 silicone nipple covers new,6
M0344,Nick Bishop,1154522,A|X Tank Top,8
M0345,Winnie Noach,88071,Fisher price music player & camera,21
M0346,Matt Scott,693784,Herbivore oil,40
M0347,Penny John,1331454,Coach dangle bracelet,29
M0348,Denis Gosling,134085,Sunglasses,20
M0349,Vanessa Keys,778392,Michaels Kors Handbag and Wallet,39
M0350,Dakota Yarwood,59360,Apple iPod **JUST REDUCED PRICE TO 125**,119
M0351,Ethan Clarke,624770,Red HQ 5 ft Type C charger,8
M0352,Michael Burnley,1144865,Polly Pocket,10
M0353,Abdul King,914997,Stella & Dot earrings,32
M0354,Violet Ross,669104,2 Pairs of Silicone Controller Grips,4
M0355,Ada Hogg,221454,Catowoman 22/24 w dressblack butterflie,9
M0356,Sebastian Fox,1028233,Like New Crocs,8
M0357,Carter Seymour,497503,Sony blue tooth ear peace,9
M0358,Liv Kidd,432901,Pink cooler lunch box for Aly,12
M0359,Marigold Mccall,561876,Stretch Mark Cream & Scar Removal,7
M0360,Georgia Wilson,897684,Free the People,10
M0361,Hank Redwood,951552,Coach black and pink handbags,126
M0362,Joseph Styles,194342,Hold Rose Heart Tank Top,41
M0363,Chester Willis,207985,Womens Coat,9
M0364,Chuck Carter,897097,Disney Duffy Aulani 12 in. Plush,16
M0365,Hayden Plant,290082,Women's Polo Tshirt,10
M0366,Mark Bayliss,1355283,Victoria's Secret Bra,24
M0367,Vivian Spencer,479532,Sexy hair straightening balm,8
M0368,Carol Gunn,1023626,VS PINK Maroon Campus Tee S,29
M0369,Georgia Phillips,1452266,Revolt patriotic jean shorts,9
M0370,Rocco Mcneill,189575,Vampire diaries necklace,7
M0371,Nate Everett,1403332,"Nike Elastika Tank Top, Medium",29
M0372,Martin Gunn,749746,Funko mystery suicide squad joker,6
M0373,Adalind Chapman,1049098,Makeup Tools Professional Luxury Set,16
M0374,David Clark,1371448,Lace bra,4
M0375,Hanna Rycroft,564105,FREE SHIP Kylie lip gloss bundle,15
M0376,Harvey Baker,1237967,"For Jael831 16"""" SECRET EXTENSIONS SET",38
M0377,Abbey Mitchell,259852,Hot Wheels (Lot of 3),10
M0378,Joy Ballard,1403937,Michael kors summer sandals,36
M0379,Gwenyth Thomson,408950,Sale!!Black Floral lace bralette,15
M0380,Logan Selby,772770,White House Black Market FREE SHIPPING,10
M0381,Mackenzie Moore,1246400,Wee block,7
M0382,Bob James,938467,Black Ops 2,17
M0383,Mike Keys,59559,Wall Art,13
M0384,Courtney Tutton,1123476,Nerium Eye serum,44
M0385,Owen Olivier,584114,Nike basketball sneakers,27
M0386,Harriet Randall,599562,SDCC Exclusive Red She-Hulk,20
M0387,Liam Atkinson,1201692,Armani exchange men's Jean faded coat sm,31
M0388,Daron Bolton,249673,He Man figures and accessories,18
M0389,Aeris Harper,986221,Tommy Hilfiger xl fleece pullover,34
M0390,Tiffany Powell,684405,FUNKO POP AMAZING SPIDERMAN 2 VAULTED,27
M0391,Helen Connell,1121280,Lululemon pants/capris - size 4,22
M0392,Vanessa Ward,843225,Nightmare Before Christmas Photo Frame,18
M0393,Maddison Griffiths,1401605,Red High Top Converse Womens 6 Sequin,20
M0394,Gabriel Lloyd,547444,SIZE 4 PINK UGGS,40
M0395,Erick Nayler,482091,Steve madden white platform shoes,37
M0396,Chris Blackburn,1242099,Choker- triple,3
M0397,Denny Osman,842804,Lighting palette,28
M0398,Bristol Stubbs,650857,Beauty bakeries cosmetics,14
M0399,Marigold Hopkinson,576174,Lululemon racer back,24
M0400,Jennifer Warner,1371172,Unmasked Batman Funko Pop,18
M0401,Penny Fowler,1145704,Personalized hammer for Father's Day,16
M0402,Clint Snow,1019743,Rae Dunn Oval Gobble Serve Platter,46
M0403,Michael Torres,283026,LuLaRoe TC Beta Fish NWT,32
M0404,Samara Rothwell,739902,Victoria Secret sweatshirt,22
M0405,Samantha Bailey,407408,VANITY ORGANIZER SET OF TWO,32
M0406,Caleb Harrison,171240,PINK sleep shorts,9
M0407,Tyson Nash,885916,Lot of 2 Yankee Candles,24
M0408,Olivia Ralph,132720,Coach,9
M0409,Barry Roman,808819,Bundle Katw,21
M0410,Amy Gray,1428053,Welch Allyn Blood Pressure Cuff,26
M0411,Adela Knight,574874,Stila Liquid Lipstick in Caramello,14
M0412,Ellen Nayler,876828,American Eagle Fringe Cut Off Jean Short,12
M0413,Amelia Allington,1166741,Lilly Pulitzer ID holder,24
M0414,Michael Dickson,988517,VS Pink Open Back Tshirt XS,14
M0415,Tony Yard,622322,Capri Sweatpants,14
M0416,Bree Stanley,1315561,Authentic kat von D highlighter,35
M0417,Logan Hill,7341,Ripped Kendall & Kylie Jeans,19
M0418,Barry Dickson,409207,3 pound weighted Hula Hoop,18
M0419,Mark Benson,1306552,PINK Halloween campus tee,24
M0420,Ryan Yang,1338942,I phone 7 and 7 plus case,11
M0421,Cedrick Norman,941768,CPAP mask,29
M0422,Dorothy Overson,21682,Imagine Cover cloth diaper,9
M0423,Chad Gaynor,411598,Hollister jeans,21
M0424,Roger Vernon,966035,Halloween ice molds/candy molds,5
M0425,Henry Widdows,308307,Tory Burch size 8,59
M0426,Matt Gilmore,177052,NWT YMI Skinny Jeans,11
M0427,Piper Brooks,577880,Alexander wang x adidas originals jersey,60
M0428,Liam Bryson,1444444,Nike Free 4.0 Flyknit,26
M0429,Phillip Bell,588359,North Face Rain Jacket,64
M0430,Parker Harper,611047,(2) Adult Girl Scout Shirts,9
M0431,Daniel Johnson,175047,2 Sets OF NAIR SPA CLAY STRIPS,17
M0432,Wade Oldfield,488060,Women running sneakers size 8,31
M0433,Candice Furnell,1437000,VS PINK hoodie ON HOLD FOR TONYA,25
M0434,Mavis Horton,146855,"Crest 3D Whitestrips, 20 Treatments NEW",30
M0435,Barry Morrison,554444,VICTORIA Secret Hooded Zip-Sweatshirt,18
M0436,Chadwick Brown,750076,VS sports bras,24
M0437,Aiden Connor,160282,Miss Me Jeans,28
M0438,Lana Brock,393426,Rebel Raiders operation nighthawk wii,9
M0439,Florence Mason,998870,ERNO LASZLO starter kit,13
M0440,Domenic Weldon,406277,USPS tracking label stickers 100,4
M0441,Paige Dallas,425680,Urban Decay Foundation,18
M0442,Percy Martin,59797,Lee Denim Jacket,16
M0443,Abdul Moreno,617693,BEAUTY CREATION POWDER CONTOUR PALETTE,10
M0444,Enoch Bell,1204474,Lilly Pulitzer Kini in the Keys XL,49
M0445,Lara Clayton,1377229,FreeShip 2 Pair Small VS Logo Boyshort,28
M0446,William Blackwall,782575,PacSun Jeans,19
M0447,Daria Reynolds,1294412,Dragon ball Z xenoverse 2,41
M0448,Barry Shields,1374737,Buyer Bundle,25
M0449,Rose Wilson,1462675,Xl swim trunks,5
M0450,Norah Collis,195139,FREE SHIP S PINK LATEX WAIST TRAINER,22
M0451,Michael Tyler,1078228,Pink anorak,34
M0452,Phillip Davies,933755,Coach cross body bag!,20
M0453,Leroy Vollans,512843,Harley ring stainless steel,16
M0454,Taylor Malone,1384861,MenRenergy 3D-Lifting/Anti-Wrinkle Cream,28
M0455,Domenic Reynolds,845345,Huge bundle of 13 mens dress shirts XL,35
M0456,Keira Dixon,393863,Organic coconut coffee sugar scrub 12 oz,12
M0457,Charlotte Robertson,1179144,Victoria's Secret Strappy Sport Bra M,16
M0458,Macy Shea,47176,Shaving bundle,10
M0459,Mark Upsdell,1221967,High Waisted Levi cutoffs,19
M0460,Denis Matthews,370136,Household Bundle A&H & Scott,37
M0461,Chester Lewis,420676,12v heated travel throw,18
M0462,Nicole Upsdell,1116223,Saunders NCLEX study book for RN exam,20
M0463,Carrie Walsh,456152,Kate Somerville DermalQuench Retinol,48
M0464,Ryan Duvall,351838,Wireless Bluetooth headphone headset,12
M0465,Anthony Bishop,1024822,Ceramics,7
M0466,Lara Collingwood,828633,Ugg Mocs,21
M0467,Mona Nanton,834865,Empty MK shoe boxes,11
M0468,Madison Vernon,1265093,Gem and the holograms compact mirror,12
M0469,Nate Chester,642599,capri size 3,14
M0470,Faith Ianson,1196811,Apple Watch Purple Sports Band (38mm),7
M0471,Chris Brown,454386,2 BLACK 2 NEHA BROWN HENNA FILLED CONES,10
M0472,Ramon Franks,1204132,Lularoe Fall Leggings,35
M0473,Ron Doherty,493921,Juicy couture distressed jean shorts 6,10
M0474,Jessica Kennedy,1174679,Star Wars Yoda Floral Vans Size 11,20
M0475,Tony Yarwood,856130,One 2 oz AFRICAN BLACK SOAP LIQUID,5
M0476,Kate Blythe,892038,Lularoe os camo,20
M0477,Freya Khan,771119,Lipsense collection,50
M0478,Ron Exton,507315,Bundle for Halli.s,16
M0479,Johnathan Ward,661555,Old navy white jeans,22
M0480,Nate Mitchell,1122242,Eau So Sexy Victoria's Secret Mist New!,10
M0481,Claire Plumb,367806,Five Nights at Freddy's Toss Backpack,35
M0482,Allison Brett,678345,Lilly Pulitzer chambray shirtdress,28
M0483,Anthony Ventura,403661,Set of 3 candles,18
M0484,Maribel Baker,123644,Studio makeup on the go palette,17
M0485,Henry Snell,1224842,PSP Movie,7
M0486,Daniel Fleming,1135694,Like New! Crosswords Nintendo DS Game,5
M0487,Roger Avery,1064304,Kate Spade wallet,54
M0488,Ronald Sinclair,515288,2??Popso ckets Iphone/Samsung/Ipad/Tablet,11
M0489,Doug Wilton,19646,Sexy Deep V Satin Dress,16
M0490,Alexander Stewart,35822,Saved bogo1/2 tshirt bundle,13
M0491,Zara Jarrett,388473,Black and White Romper- FREE SHIPPING,15
M0492,Benny Spencer,80501,FREE SHIP PSP Final Fantasy Bundle,20
M0493,Ron Mullins,155245,Swimsuit,8
M0494,Hanna Thatcher,1231306,Willie Nelson bleached tshirt,15
M0495,Luke Larkin,215479,Samsung Galaxy S5 Unlocked ATT(SM-G900A),146
M0496,Karen Olson,1086347,Denim converse,18
M0497,Phillip Rogers,111723,Women's Crisscross Sports Yoga Suit,17
M0498,Anthony Watt,854823,Downy Unstopables,22
M0499,Cassandra Donovan,583786,Cotton Lilly Pulitzer dress,38
M0500,Daron Furnell,420092,OS Midnight Roses Leggings (3-12/14),16
M0501,Wade Emerson,666353,Women's boho clothing bundle L,23
M0502,Tiffany Chapman,74564,Kipling El Dorado Shoulder/Crossbody bag,26
M0503,Rita Bradshaw,1102913,PREMIUM BEARD BALM,14
M0504,Mayleen Drew,433499,Sony PSP Power Adapter PSP-100,9
M0505,Aleksandra Ross,464982,18-24 month lot,21
M0506,Quinn Mitchell,1451117,Women's UGG slippers size 7,16
M0507,Angelique Niles,593337,Xbox One,159
M0508,Gil Allwood,1300300,PS3 console with games,84
M0509,Mavis Fleming,836147,Old Navy Pixie Pants with Fish,13
M0510,Sebastian Fulton,1016845,Merlin's Treasure Bundle,15
M0511,Boris Parker,988118,Lularoe maxi skirt,42
M0512,Eden Eaton,601544,Polo Ralph Lauren L polo shirt,18
M0513,Matthew Snell,636800,Kylie Matte Liquid Lipstick Dolce K,6
M0514,Andie Bloom,1009411,Free shipping iron on patch-white rose,4
M0515,Domenic Kidd,764019,Kate spade black spade necklace,22
M0516,Margaret Eastwood,1317005,Game Boy Color,34
M0517,Kaylee Mackenzie,157603,Victoria secret wedding bra,20
M0518,Agnes Lyon,776256,Foam Posite size 10 toddler,28
M0519,Clint Farmer,605716,Adidas original superstar. Womans size 6,56
M0520,Jackeline Allwood,70156,Baby uggs 2/3,16
M0521,Anthony Sloan,1068508,NIB UD All Nighter 2 for [rm] FREE SHIP,20
M0522,Lillian Malone,954585,Battletoads complete nintendo nes,69
M0523,Monica Clarkson,1076132,bundle,17
M0524,Nate Lloyd,418374,!!WEEKEND SALE!! 10 PAIRS FALSIES,14
M0525,Ally Lowe,1285731,Wow couture bandage dress,20
M0526,Scarlett Furnell,859567,Hollister hoodie lot,21
M0527,Rita Styles,139691,keds white shoe,24
M0528,Chuck Aldridge,955003,Cricut Chalkboard Fonts Cartridge,14
M0529,Allison Rothwell,1262343,Lilly Pulitzer Maxi Dress,25
M0530,Erica Brooks,729575,It cosmetics cc foundation in Fair,22
M0531,Chester Dunbar,768937,Iron Throne Funko POP Exclusive bundle,75
M0532,Alan Craig,191274,Gap Pink Cowl Neck Sweatshirt,14
M0533,Tyler Martin,274316,Nike Shox,25
M0534,Rebecca Hunt,1324086,VS PINK longhorn sweatshirt,22
M0535,Savannah Marshall,1467495,Medium VS Angel lounge pants,11
M0536,Eduardo Vince,1463932,Lilly Pulitzer Flamingo Pillow,36
M0537,Ruth Potter,984454,NWT plaid FAELYN dress,23
M0538,David Fox,1018817,BareMinerals Double Sided Brush,10
M0539,Carol Stuart,877215,Tv Wall mount fullmotion swivel tilt new,22
M0540,Luke Mills,925396,Dead or alive 5 ps vita,20
M0541,Denis Radcliffe,1134847,Nwot black sweater,10
M0542,Cynthia Collins,1013357,RAE DUNN,18
M0543,Nicole Lindsay,979413,Victoria's secret tote,12
M0544,Barney Weatcroft,1061000,Pearl Earrings,5
M0545,Henry Myatt,1353416,Samsung MicroSD Card 64GB Free Shipping,20
M0546,Barry Ulyatt,380184,Black bra vs,22
M0547,Mya Parsons,819396,Victoria's Secret Brown Lace Bra,27
M0548,Rita Irving,1351863,Circuit Breaker Bra,29
M0549,Luna Robe,269905,Younique Cream Shadows,44
M0550,Trisha Dempsey,366519,Activated Charcoal - Teeth Whitening,6
M0551,George Jarrett,1416621,Ocean blue anklet/read description,6
M0552,Maxwell Faulkner,914086,VS panties,34
M0553,Savannah Tanner,617014,TC legging,14
M0554,Boris Johnson,833897,Men classic fashions XL sweater,7
M0555,Alexander Giles,740549,Rose Gold Oval Brush Set,16
M0556,Rosalee Evans,640073,Hair extension. Wig on hold,10
M0557,Josephine Gordon,679753,Effective Deep Pore Charcoal Cleanser,18
M0558,Fred Ward,98484,Vs pink shirt,12
M0559,Alice Clarke,988747,Michael Kors dust bag,10
M0560,Mason Hunt,263932,NWT H&m shorts *free ship*,12
M0561,Owen Willis,700329,White body suit,5
M0562,Janelle Davies,866513,Lularoe Large Baseball Irma,100
M0563,Belinda Widdows,1126853,14K GOLD PLATED GRILLZ TOP & BOTTOM,16
M0564,Bryon Myatt,497414,Fitbit Alta,44
M0565,Macy Parker,47266,2 PAIR OF NIKE NEW FOR Rlevy ONLY,158
M0566,Selena Harper,605594,??? Jogger Pants Size 7 Kids???,10
M0567,Peter Holmes,1360474,Rainbow lipgloss,3
M0568,Quinn Cox,170984,Athletic Soybu Open Back Shirt,24
M0569,Anthony Benson,905480,Vintage Comic Book Collection,25
M0570,Rosalee Bailey,357280,Hot Pink XS Lularoe Cassie Skirt,17
M0571,Daron Murphy,1223810,Acrylic powders lowest price!!,38
M0572,Jules Durrant,208062,Vintage Highlighter,10
M0573,Willow Bingham,449769,Grey knit sweater,14
M0574,Liam Whitmore,1446247,Secret life of pets BLU RAY movie,11
M0575,Mya Kirby,969893,Pink Converse Size 9,31
M0576,Gwen Bennett,478811,Daddy's co-pilot Set,14
M0577,Lana Kidd,347790,Power beats 2 wireless BOX,14
M0578,Roger Ventura,382494,NEW! 5 Pair of false EyeLashes,5
M0579,Harriet Stone,896466,Sirius satellite radio,21
M0580,Benny Fleming,592639,Bluetooth headset,16
M0581,Daron Campbell,1463109,2 shirts 1 green bag,15
M0582,Tony Reese,23523,Space jams,116
M0583,Rebecca Lakey,441933,Lularoe Maxi skirt,18
M0584,Carissa Irwin,960573,NWT vs pink maroon stadium mock neck,44
M0585,Jayden Cunningham,235385,Snorlax Hat,28
M0586,Matt Clarke,851535,VS PINK GYM DUFFLE BAG NWTS,31
M0587,Bethany King,1340948,Shoe organizer ???,32
M0588,Stella Cartwright,11248,Marily Monroe Bed Set,39
M0589,Vanessa Harvey,777716,Simply Southern long sleeve size S,12
M0590,Sabrina Gunn,528049,American Eagle quilted vest,14
M0591,Stella Dann,152415,Vera Bradley Weekender Tutti Frutti,56
M0592,Hannah Andersson,920696,Apple remote,13
M0593,Matt Rigg,38320,Nike,31
M0594,Ronald Vallory,1370,Nwt Urban Decay peep hole Sweater Nwt,7
M0595,Enoch Dixon,828037,Resident Evil 4 Gamecube,12
M0596,Lara Mann,1274380,"Y448, Y124red And Y519",22
M0597,Carla Groves,262299,NWT Burberry Baby Boy 6 Months Tshirt,29
M0598,Russel Evans,599847,CLEARANCE Adidas FREE Ship Messi Tee,25
M0599,Maxwell Hale,1301440,Michael kors rain boots,59
M0600,Josh Skinner,1430179,Rae Dunn believe mug,16
M0601,Brad Mcleod,1097855,Yankees Infant Jersey Sz 6-9 Mo,14
M0602,Skylar Mould,962292,9 12.4 oz cans of Gerber Goodstart Soy,84
M0603,Macy Mitchell,175541,Army Pants,11
M0604,Nicholas Flett,1011777,Wunderbrow wunder2 Brunette eyebrows new,10
M0605,Miriam Khan,800082,Flapper costume,15
M0606,Maggie Selby,1065661,Lightening cable,10
M0607,Domenic Fenton,703027,Iphone and Android compatible smartwatch,106
M0608,Maxwell Jobson,959936,Hold for Edwin,256
M0609,Chuck Blackburn,286164,"3"""" Blue Dragon heavyduty pocket knife",18
M0610,Benny Bright,1407617,One piece cc swimsuit brand new,31
M0611,Tom Thomson,548720,Sherri Hill look alike prom dress size 0,204
M0612,Julius Varndell,932837,Small T-Shirt Dress,16
M0613,Rosie Patel,328380,Dior Capture Totale Eyes Essential Serum,39
M0614,Samara Collins,1090458,PINK tank,8
M0615,Marie Upton,410225,gigi hill cosmetic bag,7
M0616,Charlotte Russel,1182906,Kiss rock band patch,4
M0617,Noah Foxley,11759,Jessica Brennan,10
M0618,Chadwick Everett,293691,(5)- Five Star Notebooks College Ruled,29
M0619,Helen Evans,638536,EUC! LuLaRoe Joy Vest,45
M0620,Ethan Wills,214475,Weekend Sale FP | Floral Lace Tank Top,29
M0621,Brad Janes,502322,Philosophy FULL SIZE Purity Cleanser NEW,15
M0622,Johnathan Palmer,21992,Adidas white tubular Radial men shoes,46
M0623,Noah Garcia,595250,"BUNDLE GRAY, GREEN AND PURE HAZEL",15
M0624,Cecilia Oakley,810858,Polkadot Peplum,10
M0625,Michaela Roberts,183619,Hotwheels lot (27),16
M0626,Alan Edler,1385315,Fitbit Flex Black Large Activity Tracker,24
M0627,Melinda James,1233678,Nwt Legend of Zelda socks,5
M0628,Leroy Boden,170171,Chalk board and white board,16
M0629,Liv Horton,1394493,Septum Pincher,14
M0630,Janice Dickson,2046,Mally Lipstick Pen & Eyeshadow Stick,8
M0631,Matt Dowson,684641,Pj bundle for Paty,16
M0632,Aleksandra Darcy,1045532,Funko Pop Burning Walker TWD Sdcc,15
M0633,Ivy Yarwood,400965,*Bundle for BrandiMarek*Huggies,89
M0634,Vivian Fleming,700380,Bundle for Anniq,50
M0635,Mark Curtis,1218637,Washi Set,9
M0636,Mason Slater,465618,Dr. Scholls Lightweight Sandals,9
M0637,Sebastian Roberts,1227904,Men's medium Metallica band shirt,12
M0638,Rachael Scott,811854,VICTORIA's SECRET Capri length leggings,23
M0639,Megan Bennett,384618,Lularoe OS Parachutes,30
M0640,Anthony Weasley,356399,Minnetonka fringe boots,26
M0641,Catherine Durrant,1317377,Boba 4G baby carrier,46
M0642,Bernadette Williams,896384,Lularoe Tc Digital Huskies,39
M0643,Jacqueline Curtis,1294922,5 Card Chipper Jones 2007 Milestones Lot,5
M0644,Rosalie Carter,571703,Hold for Kayy-kilaa,101
M0645,Andrea Lane,1312833,Puma fur slides,56
M0646,Javier Watson,867716,Superior Spider-Man Walgreens Exclusive,18
M0647,Rosalie Appleton,1225409,Vintage Ford Motorsport Windbreaker S,38
M0648,Robyn Noach,719737,New red set tattoo choker chain necklace,10
M0649,Marissa Patel,1443472,Nike Shorts Bundle,46
M0650,Chuck Kennedy,732112,dvd for eva,10
M0651,Adalind Dempsey,352608,Strappy bikini top,8
M0652,Chuck Tate,196183,ADORABLE DISNEY CHARM BRACELET 7.5 inch,14
M0653,Isabella Abbey,1275010,Zygarde EX Pokemon Card Holo Rare,8
M0654,Kurt Shields,545544,"Calvin Klein Dress, SZ 6 NWT",21
M0655,Gabriel Crawley,1356272,Gray Pink VS lounge pants size medium,9
M0656,Bob Hamilton,306351,Orange Acid Washed Carly Llr,14
M0657,Noah Yates,1327772,Estee Lauder Double Wear Foundation,30
M0658,Mark Tindall,325845,"Lululemon- about that base tight pant,#4",46
M0659,Eileen Burnley,1105662,NWT VS PINK Bling Campus Tee (free ship),35
M0660,Mike Downing,995487,NIKE LONG SLEEVED SHIRT,19
M0661,Eduardo Tyler,918372,Cute made in Italy Riding Boots,16
M0662,Wendy Olson,799552,YSL eau de parfum rollerball deluxe 2ml,14
M0663,Mabel Baxter,720144,McDavid leg sleeves,10
M0664,Gwen Osmond,614140,Professional Baking,41
M0665,Lily Samuel,915269,(10) Lululemon slim pants!,40
M0666,Cara Thomson,710888,Knee High Cognac Boots,26
M0667,Hank Vane,902236,Green Bay Packers charm bracelet,9
M0668,Bryon Williams,1334765,Shea moisture Shampoo Bundle,26
M0669,Julian Roth,270970,23 piece baby girl clothes bundle,12
M0670,Carter Niles,620141,Bundle VS size M NWT,12
M0671,Maxwell Walker,1440978,Lot of 5 bras,19
M0672,Mayleen Wren,1477766,Jordan 10,36
M0673,Celia Lloyd,420050,Lularoe Madison small,29
M0674,Sloane Tyler,572389,Tower of Terror/ Pearl Harbor,14
M0675,Kurt Windsor,172439,2PC Super Plush Bath Rug Set New,18
M0676,Joyce Fleming,1139078,XL/2XL BK butt lifter tummy control,24
M0677,Domenic Benson,273904,Steelers 2t windbreaker lined jacket set,15
M0678,Mavis Giles,756368,NWT- Criss Cross Tee- Light Green,10
M0679,Angelica Cadman,1205665,Lilly Pulitzer maxi dress,91
M0680,Aileen Gilmore,301986,Custom Set,21
M0681,Vanessa Lewis,482603,EUC Lularoe hard to find Amelia size XL,45
M0682,Alexander Smith,77472,Tampa Bay Lightning Athletic Sweater XXL,26
M0683,Maxwell Rehman,1074806,Nike skateboarding shoes SB Janoski Sz10,16
M0684,Angelica Pope,80372,Twisted Metal Small Brawl PlayStation,12
M0685,Rachael Gonzales,1180325,Too faced bronzer,12
M0686,Helen Gavin,175139,Supreme fanny pack shoulder bag,46
M0687,Barney Wellington,1247635,Lenox elephant/ holy family treasure box,26
M0688,Marie Noach,1310619,Brand new gap dress,11
M0689,Matthew Lloyd,620711,Littlest pet shop lot of 20,48
M0690,Carl Penn,644755,Male Casual Shorts (Burnside),20
M0691,Daron Clark,812515,Funny Marajuana Blue Metal Sign,14
M0692,Chester Franks,778526,Lularoe Madison,35
M0693,Doris Healy,1391862,Womens nike flex experience,25
M0694,Macy Flynn,438254,Nike Dri Fit Shirt,10
M0695,Harry Cann,1168418,Comfy Soft Flannel,8
M0696,Tony Kelly,1211016,Drawing dress size 5T (super girl),19
M0697,Caydence Shea,906502,Free ship silver stamped 925 ring,10
M0698,Tyler Walsh,940681,Beats Studio Wireless (Bluetooth),135
M0699,Bernadette Whatson,316580,40 pcs 6x10 Bubble Mailers Purple,18
M0700,Lindsay Donnelly,1088355,Youth Small Under Armour shorts,5
M0701,Vanessa Warden,1467608,Air Jordans,38
M0702,Stella Bryant,27848,Mossimo size 8,12
M0703,Alba Owen,1311185,XL Nicole,25
M0704,Tom Paterson,89709,Gap 6 slim,9
M0705,Nathan Johnson,937469,Oil Rig / Water Pipe (SALE),25
M0706,Isabel Clayton,260262,Naruto ultimate ninja storm 4 ps4,36
M0707,Carter Blackwall,1199595,vs pink blanket,28
M0708,Manuel Taylor,759997,Rae Dunn let it bloom planters,27
M0709,Hank Hill,275482,Short Red Orange Wig,13
M0710,Michael Harrison,1147604,NARS Super Orgasm T\S RESERVED- Linh H,11
M0711,Andrea Keys,633050,Milani 2 in 1 Foundation Light Beige,11
M0712,Chris Quinnell,227335,TWO pair Swim Trunks,7
M0713,Doug Walsh,874591,Tank top,7
M0714,Ramon Lowe,906333,"39items(Band-Aids,bounce,gain,airwick)",85
M0715,Tony Wills,778597,The Black Keys Brothers Album CD NEW,25
M0716,Piper Buckley,349726,Graphic Tee,9
M0717,Barney Locke,665239,Girls justice shorts size 10,7
M0718,Henry Allington,1429109,Ruizo mp3 player,19
M0719,Eileen Norton,377697,Farmhouse Wooden Bead Garland,23
M0720,Luke Ballard,673031,University of Toledo hoodie,9
M0721,Doug Leigh,1182830,MaryR40,18
M0722,Josh Locke,701201,3 38/D bras free shipping,20
M0723,Mandy Ryan,1056939,Funko Enchantress Rock Candy + OOB 3 Lot,16
M0724,Eduardo Kelly,564113,Samsung galaxy earphones,4
M0725,Ramon Chappell,403905,For Bella Bell,9
M0726,Liv Stewart,1244038,LULAROE OS WOLVES WOLF DOG,64
M0727,Mike Reynolds,747470,Sexy lingerie,8
M0728,Tyson Ellis,926278,Coffee and tea cup rugs,21
M0729,Willow Yates,645616,Thermal Underwear,3
M0730,Abdul Vaughn,1391108,Black Round Nerd& Black Silver Clubmaste,13
M0731,Tiffany Fields,482838,Backless Bra C Cup Stick On Reusable,11
M0732,Oliver Downing,483381,Miss me jeans,26
M0733,Amelia Evans,696989,Michael kors Hamilton bag,99
M0734,William Lambert,838969,Ralph Lauren Corduroy Pants size 6,10
M0735,Rosalie Adams,623965,The Amazing Spider-Man #148 (1975),16
M0736,Owen Lunt,1045132,Rice Cooker Small,9
M0737,Jaylene Selby,1357187,Victoria's Secret Bras,19
M0738,Rufus King,820501,FREE SHIPPING small David Bowie shirt,10
M0739,Owen Dubois,233631,Jeans,11
M0740,Selena Corbett,27214,Punk top & chain wallet,16
M0741,Alessandra Bayliss,1397048,Endevr Kid's MyID Sport Medical Bracelet,15
M0742,Rowan Victor,393613,Nike hat lsu,12
M0743,Maddison Nelson,705988,Zara leather bow ankle boots new,71
M0744,Joseph Thompson,351170,4 pack unisex receiving blankets,19
M0745,Noah Brooks,622123,Lot of 3 pink shirts Sz m,22
M0746,Doug Murphy,417052,Giraffe t shirt,14
M0747,Ron Parker,116098,Birkenstocks shoes size 9 men's,11
M0748,Sofie Donovan,1480266,Jordache Skinny Jeans Size 8,10
M0749,Hayden Tyrrell,1344192,NWT hooded pullover,16
M0750,Taylor Torres,21667,Women's Nike Bundle,31
M0751,Marjorie Grant,1459465,"Chi Orbit Digital Curling Wand 3/4""""",31
M0752,Brad Thomson,293815,Shark bath hoody,3
M0753,Percy Reynolds,455549,INSTANT SNOW! Just Add Water!,9
M0754,Rosalee Jenkin,1094963,Burberry purple dress size 2t girls,34
M0755,Mike Noon,836203,Kmd5351 2 Yeti 20 Ounce Ramblers,40
M0756,Rose Larsen,1482360,Zara Slim Fit Leggings,16
M0757,Karen Drummond,720429,Snake Ballet and tan Slip-ons,14
M0758,Vera Plant,992403,Toaster,21
M0759,Thea Wilcox,1119716,Under amour boot cut pants,24
M0760,Chester Rothwell,112600,Vs PINK sweater,19
M0761,Georgia Reading,1283016,"Abercrombie & Fitch Men's Shorts sz 36""""",14
M0762,Isabella Griffiths,512764,Iphone 5S. Super cheap!!,26
M0763,Willow Blythe,890598,Samsung Galaxy S5 Charger with Adapter,12
M0764,Skylar Boden,1291947,Medium Lularoe Cassie Skirt,18
M0765,Evie Rose,374037,Micheal Kors Wallet,24
M0766,Elijah Wright,1045839,Women's XL Capri sweats,9
M0767,Harvey Andrews,677806,Children's Karate Sparring Gear,26
M0768,Rebecca Rigg,1346746,Medium White Square Glue on Nails,8
M0769,Sienna Whitmore,382478,Vans,14
M0770,Juliet Bishop,34666,Ralph Lauren Black Saffiano Slim Wallet,27
M0771,Jayden Becker,134569,Josh Dunn Polaroid Prints,7
M0772,William Blackwall,2761,YRU ballet bae,60
M0773,Chadwick Gibbons,198229,4 Earphones For IPhone,15
M0774,Celia Holmes,925060,Victoria's Secret swim top,19
M0775,Abdul Russell,1251722,Glamglow Supermud full size,35
M0776,Ron Brett,1290020,VINTAGE NIKE WINDBREAKER,26
M0777,Doug Wilkinson,1053083,[rm]??????New 30 Yeti Spill Proof Lid,9
M0778,Caitlyn Verdon,770142,Skinceuticals booster 55ml x 1,33
M0779,George Gonzales,1088834,Fresh Skin Care Bundle,13
M0780,Joseph Moore,1199672,Anastasia Beverly Hills duo brow powder,12
M0781,Allison Carter,1259654,Michael Kors Jet Set Chain tote leather,139
M0782,Bob Khan,1311826,Janie and Jack 2 capris 1 dress,45
M0783,Bart Lambert,331855,Sephora hot hues,4
M0784,Henry Farrow,110409,Mk Wallet,31
M0785,Logan Lewis,1189003,"42"""" new snowman tree skirt",11
M0786,Caleb Varley,671113,Ugly Christmas sweater (M),16
M0787,Kenzie Newton,604514,Mens Braided Leather Wrap Bracelet,9
M0788,Nicholas Little,1474201,Teavana Tea Set,23
M0789,Rihanna Howard,1400252,Bubbly holiday phone case,21
M0790,Bob West,696686,Junior XXL Tank,7
M0791,Gwen Bennett,408061,Faith family friends burlap runner,15
M0792,Hannah Stuart,725379,Black dress on the Right ONLY,21
M0793,Ada Selby,661199,Crop top,9
M0794,Mavis Cassidy,217487,Y17-1: Pink/Gold Camo Aviator Glasses,9
M0795,Gladys Chapman,527490,Kate Spade glitterbug Lacey Wallet,85
M0796,Josh Baker,603216,low white infrared 6,46
M0797,Jade Ward,936221,Corduroy Button Skirt,14
M0798,Denis Snell,321337,Aquaphor And Newborn Diaper Bundle!!,28
M0799,Miriam Mullins,753667,Lularoe tc frames,24
M0800,Katelyn Campbell,914816,Vs PINK tie up crew,38
M0801,Fred Goodman,1329591,Air Jordan 4 retro,70
M0802,Maia Grant,1195387,Red gym and French blue Jordan's 9,84
M0803,Monica Gunn,227691,Baby Gap Jeans 2T,10
M0804,Tyler Horton,521740,**clearance**shorts,10
M0805,Estrella Thompson,1183714,NWT Free Ship Vera Bradley Tech Backpack,60
M0806,Ryan Hammond,363517,Peacocks Feathers,12
M0807,Allison Flanders,848630,Lifeproof Waterproof case iPhone 7 Plus,57
M0808,Leroy Taylor,132859,14k gold hoop earrings,60
M0809,Emmanuelle Vernon,1358408,H&M Boys Size 5-6yr Jeans,9
M0810,Nancy Dwyer,829868,Cobble Street Stacy Wallet,34
M0811,Eden Wellington,631633,ON HOLD FOR KAYLAJANE ONLY 925 420,26
M0812,Nick Walker,696455,GEORGIA PEACH SPRAY,9
M0813,Angel Blackburn,424976,Adidas long sleeve shirt,5
M0814,Hope Whinter,1393113,Waist trainer/small/,12
M0815,Elijah Irving,435517,Rebook Crossfit nano 5 Sz 8,54
M0816,Alexander Walsh,1153601,LuLaRoe Medium Purple Julia NWT,32
M0817,Gil Herbert,1250010,FREE SHIP DISNEY PJ SET,8
M0818,Caitlyn Matthews,1136214,Sony 8gb Memory Card,8
M0819,Christine Jarvis,1327921,Mary Kay Endless Performance,5
M0820,Elle Wilson,266311,5 for [rm] faux nose ring body jewelry 22g,3
M0821,Maxwell Patel,517369,95 piece notes in a pill,13
M0822,Brad King,847567,Express reversible Barcelona cami,19
M0823,Daniel Sylvester,1291440,Disney Toy Story Woody Buzz Alien Dino,26
M0824,Ronald Vangness,424852,American eagle shirt,7
M0825,Noah Umney,65277,NEW! Luxie 522 Highlight brush,15
M0826,Martha Penn,132437,[rm] and free shipping ON HOLD,15
M0827,Maribel Rogan,365778,MAC SELENA BRONZER/BLUSH,29
M0828,Ellen Shaw,351244,Perfectly posh (hold),60
M0829,Stella Mccall,216136,iPhone 6s Plus Case,12
M0830,Hayden Irving,650979,Brandy Melville and tshirt bundle,12
M0831,Kurt Lindsay,245975,Pony Effect Color Correcting Palette,32
M0832,Abdul Blythe,1299369,Nike Air Force 1s,42
M0833,Alessandra Fox,967944,Iwako Eraser Set - Airplane Helicopter,3
M0834,Naomi John,962524,Lularoe Large Patrick,20
M0835,Cara Tutton,331721,Rae Dunn Mug,18
M0836,Martin Nurton,1363921,Michael Kors Large Dee Dee NWT,208
M0837,Lana Larsen,814942,Camo Purse w/Matching Wallet,45
M0838,Manuel Jones,1400661,Jordan's from 2008 release,76
M0839,Caleb Wright,860743,Lularoe mustache outfit,91
M0840,Boris Rogers,170124,Team rocket bundle,10
M0841,Owen Jobson,1052220,green tumblr stickers,3
M0842,Ciara Adler,359596,NEW in Box Carli Bybel Palette,16
M0843,Kaylee Purvis,1167977,Costume Turkey Leg Headband,7
M0844,Joseph Alldridge,889915,Yoga pants,10
M0845,Barry Henderson,1062247,Mustang seat belt made into a belt.,12
M0846,Mavis Weston,1042870,Romper,16
M0847,Caleb Ebden,574991,TIDE BUNDLE #4,18
M0848,Gabriel Harper,994034,American eagles shoes,20
M0849,Daniel Alcroft,1231436,Coach leopard print purse,50
M0850,Kenzie Potter,39669,Paris Eiffel Tower Storage Bin,16
M0851,Barry Purvis,118791,Urban Outfitters Floral Button Down,12
M0852,Jayden Price,440995,Johnny Cash Autobiography,5
M0853,Eduardo Shaw,980456,Deomonia platforms 8 euc,26
M0854,Cassandra Hamilton,1249092,NWOT Xhileration cream tribal Romper,22
M0855,Daniel Tennant,1172315,Skin Care Basics,10
M0856,Sloane Forth,654335,Becca Jaclyn Hill face palette,51
M0857,Benjamin Brett,1305959,4 men's t-shirt size XL,15
M0858,Lexi Nurton,759595,XL COLUMBIA SNOW PANTS (full zip),19
M0859,Miley Vane,23653,VS PINK Beach Shorts XS Preowned,10
M0860,Nicole Nanton,830694,D/DD bikini top,5
M0861,Alan Simpson,1355141,RED CONVERSE,23
M0862,Charlotte Clark,120311,NWT BGBG Merlot Quilted purse Bag,40
M0863,Isabel Martin,755219,Cute girls shoe,10
M0864,Clint James,633711,Vanilla Beach One Piece Swimsuit,17
M0865,Ramon Walter,983579,7 Thongs bundle size 8,10
M0866,Tony Rowe,1230857,Glass espresso cups,13
M0867,Oliver Haines,1438839,Keurig k10 mini,49
M0868,Tiffany James,1400687,NYX Contour Palette,12
M0869,Willow Mooney,1309794,iPhone 7 Plus Clear Case,9
M0870,Denis Broomfield,103310,Halloween Costume,14
M0871,Manuel Ainsworth,1130189,24 pck stud earrings,4
M0872,Nathan Reid,161692,31packs crunchy cat treats,28
M0873,Denny Smith,1360160,Kendra Scott Elton,45
M0874,Boris Ianson,642813,NIKE Total core TR tennis shoes,25
M0875,Tony Denton,478973,Apple iPhone 6 Box,9
M0876,Ronald Long,198395,4 missmayet vs pink bling gym pants,49
M0877,Matt Allen,555424,Funko pop Vinyl Cinderella!!,9
M0878,Callie Boden,1170680,Bluetooth Speaker Fidget Spinner,15
M0879,Aurelia Dyson,312970,Custom Listing,43
M0880,George Tait,662440,Galaxy S7 Active [MagicSky Case],7
M0881,Clint Shaw,1347993,Adult medium UA shirt,10
M0882,Logan Patel,1396558,James Avery heart toggle necklace,80
M0883,Rufus Darcy,924737,Juicy Couture black jacket,20
M0884,Liam Kelly,1429947,NIKE HUARACHES,31
M0885,Rebecca Swift,328433,Disney's Peter Pan Platinum DVD,10
M0886,Angelina Clarkson,466507,Spider-Man 4gb flash drive,7
M0887,Mya Veale,806293,Bundle for hford14,20
M0888,Naomi Smith,459635,Brazilian Virgin Hair Body Wave Lace,15
M0889,Boris Gordon,1198743,10 Necklace Necklace Set,20
M0890,Josh Ellison,779611,Cute short set,8
M0891,Gabriel Downing,697126,Mcuevas28,24
M0892,Marissa Alcroft,1325062,Brand new Hair bun making tool,5
M0893,Alexander Greenwood,1374953,THREE Curling Irons,12
M0894,Chadwick Hastings,103831,Brand new printed flats free ship,7
M0895,David Yates,1474799,BUNDLED BATH SET/HOLD,82
M0896,Roger Andersson,1124019,Lularoe TC Camera Leggings,40
M0897,Jane Collins,186480,SMALL NIKE PRO SHORTS NWT,22
M0898,Benny Tutton,480615,7c Nike Jordans Playoffs,20
M0899,Zara Carter,675524,Metallic jewelry stand,14
M0900,Caleb Mitchell,758464,NHL 16 - Xbox One,12
M0901,Aisha Lane,204136,Michael kors signature large tote,171
M0902,Rihanna Shelton,1160818,Contour palette 2 sponges,10
M0903,Eileen Paterson,733132,Tory burch,71
M0904,Oliver Dubois,994902,Timberland boots,76
M0905,Ivette Stubbs,1408753,New! Women's yoga workout outfit S,17
M0906,Fred Purvis,289759,Coach Brown Leather Tall Boots size 37,91
M0907,Julian Thornton,612974,Brand New Authentic Yu-Gi-Oh! Snapback,22
M0908,Savannah Antcliff,1080881,Moon Child Glow Kit,26
M0909,Matt Connell,824231,Kailyn Lowry Pride Over Pity,12
M0910,Barry Harris,6880,NUUD Lifeproof Case,45
M0911,Aiden Vincent,527831,Under Armour Hoodie Medium,14
M0912,Owen Edler,936223,Off-White Jumpsuit-L,30
M0913,Carrie Eyres,1146651,Women's XS tiro pants,40
M0914,Charlize Morgan,1191153,Moana DVD movie,14
M0915,Kenzie Attwood,1390254,F/S Ghostbusters Slimer Funko Pop,10
M0916,Leroy Lewis,503613,Body massager,12
M0917,Cedrick Smith,86111,Workout tank,5
M0918,Kimberly Oatway,1031136,Ralph Lauren Card Holder,11
M0919,Nick Yates,946498,"Any monogram 3""""x3""""",4
M0920,Anthony Stone,905294,Mickey & Minnie Mouse cookie cutters set,10
M0921,Russel Dickson,1271615,COLOURPOP LIPSTICK - KAE,8
M0922,Julian Vaughn,888412,VS PINK LOGO Boyshort Large Panty,10
M0923,Mary Gray,117588,Dc comic Batman & superman mini statue,55
M0924,Mandy Drummond,336930,Jo Malone Body Cream,17
M0925,Kenzie Russel,1252916,NEW Doc Marten Grey Pascal Boots 6,66
M0926,Aurelia Moore,102348,Playmobil Horses Set,13
M0927,Amelia Selby,320676,Kylie Lip Kit - Brown Sugar,32
M0928,Cedrick Bennett,957353,Twisted peppermint lotion,7
M0929,Denny Mitchell,593919,Eyebrow/Eyelash Tint,16
M0930,Adelaide Connell,550024,Betsey Johnson Wallet,14
M0931,Susan Eastwood,1035892,Fisher Price Barbie doctor nurse Case,12
M0932,Alexander Eagle,597644,Freeship new vs fearless perfume,21
M0933,Gil Palmer,43296,NWT Under ARMOUR Backpack Great Colors,36
M0934,Jessica Khan,951420,XL Green American Flag Tee BUNDLE,16
M0935,Kenzie Pratt,939852,VS tee,14
M0936,Eve Gosling,1067210,BRIGHT CORAL VS PINK HALF ZIP,24
M0937,Bob Hamilton,267943,W7 COLOUR ME BUFF Natural Nudes Palette,16
M0938,Maribel Harris,317062,Pink Polaroid Camera,51
M0939,Domenic Simpson,33540,Lifeproof Nuud Case for Apple iPhone 6,13
M0940,Willow Bristow,959550,Urban Decay All Nighter Foundation (4.5),29
M0941,Danielle Savage,354969,Lularoe NWT OS halloween leggings,30
M0942,William Griffiths,741582,NWT Victoria's Secret tote,24
M0943,Nathan Bingham,1353134,New VS Sport Bra 34DD,26
M0944,Bob Clifton,699659,Doc mcstuffin clinic fall1903,39
M0945,Stephanie Ralph,967238,VS Ultimate Leggings & Campus Tee - L,85
M0946,Ada Hopkins,1171821,Dermalogica Microfoliant,10
M0947,Isabella Robinson,826710,MacBook White (2006),94
M0948,Cedrick Asher,1400070,BNWT 3/4 Sleeve Jersey T Size L,20
M0949,Ally Lunt,559282,Victoria secret pink yoga pants w dvd,22
M0950,Erick Hudson,964810,Star Wars bb-8 bag,51
M0951,Julian Driscoll,988402,Forever 21 blouse,12
M0952,Josephine Ingram,831417,Vintage Gucci belt size medium,12
M0953,Ron Whittle,1068861,Rose Gold Iphone 6/6s PLUS Glitter Decal,7
M0954,Rosie Nayler,240382,Invader Zim Shirt,7
M0955,Kenzie Jones,536175,Compression workout leggings,14
M0956,Nicholas York,1174754,Beanie- lululemon,15
M0957,Mason Quinton,875661,NEW Blu-ray Disc Player/DVD W Streaming,40
M0958,Nina Faulkner,623806,New Strappy Cages Soft Green Bikini,28
M0959,Catherine Rosenbloom,448316,Pandora Princess Ring,30
M0960,Ethan Alcroft,1459776,Purple Mermaid floam,10
M0961,Noah Dwyer,64045,Iphone Bundle 2 cases,25
M0962,Natalie Snell,1226072,Free People lot,31
M0963,Bryon Abbot,584415,Cream Bronzer,12
M0964,Dani Exton,674406,Holister Flowy Crop Top Blouse,12
M0965,Chuck Bristow,519413,No Boundaries Shorts,8
M0966,Leah Thomson,847899,Nike Tanjun 7y,51
M0967,Harry Garner,825648,Sperrys woman top-sider,20
M0968,Barry Moore,289458,Dallas Cowboys women's jersey,45
M0969,Ethan Willis,578150,NEW CANDY K LIP KIT,13
M0970,Denny Walsh,1413383,LulaRoe XS Nicole NWT,39
M0971,Emery Faulkner,1468044,HOLD FOR ANDREA - Motorcycle Jacket,26
M0972,Ramon Dobson,1272390,Ear/ nose piercing gun,6
M0973,Chris Reid,1009728,Mens we the people tshirt 3xl,7
M0974,Kieth Wise,1175144,Lularoe BNIP Tween SPIDER WEBS,40
M0975,Brooklyn Lewis,1085020,Bloomingdales Hudson Park King Duvet,54
M0976,Ruth Simpson,1009054,Authentic Nike Elite basketball Shorts,11
M0977,Dakota Miller,1235999,FS-Fuzzy Key Chain,5
M0978,Sharon Gardner,623360,Funko Pop Star Wars #08 Boba Fett,12
M0979,Jane Morgan,349826,Lane Bryant top,14
M0980,Winnie Wilkinson,974253,Adidas Los Angeles,21
M0981,Rufus Villiger,404502,PYREX SNOWFLAKE GARLAND CREAMER/S&P/PLT,18
M0982,Michael Fulton,250357,Nintendo nes,62
M0983,Adina Farrant,1326597,2/ [rm] Victoria's Secret 34C,15
M0984,Cherish Stone,1472443,Modern Muse Est??e Lauder Perfume,7
M0985,Michaela Collins,815052,Comfy Cardigan,11
M0986,Nick Chapman,701047,Sealed NYX soft matte lip crm Amsterdam,8
M0987,Savannah Larsen,298427,Purse,21
M0988,Rosie Cox,516320,Chakra mug,10
M0989,Gabriel Mcgregor,1066986,Red plaid crop top,8
M0990,Barry Roman,894531,ADIDAS NMD R1 BLACK,166
M0991,Mayleen Walsh,683135,3 pack baby boy feeding bibs,3
M0992,Isla Connell,903157,Gray Marble iPhone 6 Plus Case,8
M0993,Celia Tyrrell,1157257,LuLaRoe classic t,15
M0994,Leroy Walsh,1424337,Purple warm carters onesie+ pacifiers,10
M0995,Madelyn Davies,1166,NIB Double heart ?????? rose gold bracelet!,10
M0996,Jayden Gunn,555495,Backpack,41
M0997,Kassandra Malone,136405,James Avery sterling 2011 heart charm,29
M0998,Sylvia Strong,499218,Lanc??me high resolution bundle,16
M0999,Nathan Downing,542318,Lego Juniors Ariel Disney Princess Set,12
M1000,Jocelyn Mooney,1167865,Playboy bunny pink faux fur blanket soft,34
